,url,is_phishing
0,https://google.com-rijbgpkl8l9e9mp.com/secure-login,1
1,https://login-linkedin.com.phishing-site.com/verify,1
2,http://220.98.94.244/login.php,1
3,https://secure-facebook.com.phishing-site.com/verify,1
4,https://mail.youtube.com/home,0
5,http://183.147.144.63/login.php,1
6,https://support.reddit.com/login,0
7,https://secure-google.com.phishing-site.com/verify,1
8,http://www.apple.com/home,0
9,https://support.linkedin.com/contact,0
10,https://instagram.com/contact,0
11,https://www.linkedin.com/about,0
12,https://mail.amazon.com/services,0
13,http://141.161.200.100/login.php,1
14,https://login-twitter.com.phishing-site.com/verify,1
15,http://apple.com/login,0
16,http://mail.twitter.com/products,0
17,https://www.microsuft.com/login,1
18,https://www.reddit.com/products,0
19,https://secure-microsoft.com.phishing-site.com/verify,1
20,https://linkedin.com-ytx64cf4bx5af5l.com/secure-login,1
21,https://facebook.com/services,0
22,https://account-wikipedia.org.phishing-site.com/verify,1
23,http://linkedin.com/about,0
24,https://facebook.com-6jnbk3hi8nnsrdu.com/secure-login,1
25,https://support.linkedin.com/contact,0
26,http://support.github.com/home,0
27,https://google.com-aj005f6385c98zs.com/secure-login,1
28,http://github.com/login,0
29,https://account-youtube.com.phishing-site.com/verify,1
30,https://support.wikipedia.org/home,0
31,https://support.reddit.com/services,0
32,https://amazon.com/home,0
33,http://124.141.205.244/login.php,1
34,https://verify-linkedin.com.phishing-site.com/verify,1
35,https://support.twitter.com/about,0
36,http://mail.apple.com/about,0
37,https://login-facebook.com.phishing-site.com/verify,1
38,http://support.apple.com/products,0
39,https://google.com-9qxms5o0e9b4kyp.com/secure-login,1
40,http://youtube.com/home,0
41,http://instagram.com/home,0
42,http://support.twitter.com/home,0
43,http://240.61.92.79/login.php,1
44,http://www.instagram.com/,0
45,http://mail.wikipedia.org/products,0
46,https://wikipedia.org/about,0
47,http://48.223.57.254/login.php,1
48,http://support.github.com/services,0
49,https://github.com-pqzje088ih6ppto.com/secure-login,1
50,http://mail.apple.com/home,0
51,https://facebook.com-8lu0gm5gggjl9co.com/secure-login,1
52,https://www.meddit.com/login,1
53,http://support.amazon.com/home,0
54,https://mail.microsoft.com/,0
55,http://181.34.240.132/login.php,1
56,https://support.youtube.com/,0
57,https://mail.wikipedia.org/,0
58,https://mail.wikipedia.org/login,0
59,https://www.instagoam.com/login,1
60,https://google.com-8n5en4ol6uhymlk.com/secure-login,1
61,https://support.facebook.com/services,0
62,http://mail.microsoft.com/about,0
63,https://apple.com-v9v0ossqbyg6kgl.com/secure-login,1
64,http://support.github.com/services,0
65,https://signin-github.com.phishing-site.com/verify,1
66,http://146.70.240.231/login.php,1
67,http://89.254.206.2/login.php,1
68,https://support.instagram.com/login,0
69,https://microsoft.com-z6vrmcz4o4uceem.com/secure-login,1
70,http://166.145.206.224/login.php,1
71,http://184.174.40.187/login.php,1
72,https://mail.github.com/login,0
73,https://secure-twitter.com.phishing-site.com/verify,1
74,https://signin-linkedin.com.phishing-site.com/verify,1
75,https://www.wikipedia.org/services,0
76,http://157.68.140.91/login.php,1
77,https://www.twitter.cqm/login,1
78,http://www.youtube.com/contact,0
79,https://www.insjagram.com/login,1
80,http://youtube.com/home,0
81,https://apple.com-b3cmbdf1ro1kybc.com/secure-login,1
82,https://www.wikipedia.org/login,0
83,https://login-twitter.com.phishing-site.com/verify,1
84,https://account-linkedin.com.phishing-site.com/verify,1
85,https://apple.com-7aok2e36l4kf7e4.com/secure-login,1
86,http://36.49.104.232/login.php,1
87,https://verify-reddit.com.phishing-site.com/verify,1
88,http://mail.reddit.com/login,0
89,http://211.74.172.163/login.php,1
90,https://www.micqosoft.com/login,1
91,https://signin-reddit.com.phishing-site.com/verify,1
92,http://115.138.190.137/login.php,1
93,http://twitter.com/products,0
94,https://account-microsoft.com.phishing-site.com/verify,1
95,http://www.linkedin.com/products,0
96,https://mail.youtube.com/login,0
97,http://222.165.107.54/login.php,1
98,http://support.youtube.com/home,0
99,http://support.wikipedia.org/services,0
100,https://www.youtupe.com/login,1
101,http://www.apple.com/home,0
102,https://github.com-kiajjkfi7sojw5w.com/secure-login,1
103,http://162.251.54.105/login.php,1
104,https://mail.github.com/about,0
105,https://support.apple.com/,0
106,http://24.28.123.186/login.php,1
107,http://amazon.com/home,0
108,https://www.facebooklcom/login,1
109,http://39.149.20.133/login.php,1
110,https://www.twittor.com/login,1
111,https://www.linkedin.com/home,0
112,https://www.gtogle.com/login,1
113,https://secure-facebook.com.phishing-site.com/verify,1
114,https://www.vicrosoft.com/login,1
115,https://signin-linkedin.com.phishing-site.com/verify,1
116,https://mail.google.com/contact,0
117,http://www.google.com/services,0
118,https://signin-microsoft.com.phishing-site.com/verify,1
119,https://github.com-dak9wv1kenkenou.com/secure-login,1
120,http://64.12.55.222/login.php,1
121,https://www.znstagram.com/login,1
122,https://apple.com-kmerv30c9g7auq0.com/secure-login,1
123,https://amazon.com-9agwj30x196ocy6.com/secure-login,1
124,https://support.microsoft.com/home,0
125,https://www.apple.com/contact,0
126,https://support.linkedin.com/services,0
127,http://84.212.194.250/login.php,1
128,https://microsoft.com-p0dm5tjxu799cbm.com/secure-login,1
129,http://instagram.com/contact,0
130,https://youtube.com-xm6fqkzr8pxi1cq.com/secure-login,1
131,https://support.microsoft.com/about,0
132,https://mail.facebook.com/services,0
133,https://amazon.com/home,0
134,https://www.gojgle.com/login,1
135,https://www.wivipedia.org/login,1
136,https://support.facebook.com/contact,0
137,http://mail.facebook.com/home,0
138,http://youtube.com/products,0
139,http://support.google.com/services,0
140,https://www.google.cvm/login,1
141,http://support.github.com/login,0
142,https://account-twitter.com.phishing-site.com/verify,1
143,https://instagram.com-4wtrt0ryix9v3l1.com/secure-login,1
144,http://www.youtube.com/,0
145,https://instagram.com-84wgeylvmttqer8.com/secure-login,1
146,https://google.com/about,0
147,http://66.250.71.39/login.php,1
148,https://reddit.com-bs9vluj6boy3bq4.com/secure-login,1
149,http://4.204.91.133/login.php,1
150,https://microsoft.com/,0
151,http://mail.wikipedia.org/contact,0
152,https://www.instabram.com/login,1
153,https://amazon.com/products,0
154,https://www.youtube.com/services,0
155,http://support.microsoft.com/services,0
156,http://mail.amazon.com/home,0
157,https://youtube.com-558cxkkpti4y7u3.com/secure-login,1
158,http://mail.linkedin.com/login,0
159,https://instagram.com-wrsdzrmc218coda.com/secure-login,1
160,http://221.225.26.53/login.php,1
161,http://15.43.106.75/login.php,1
162,http://www.youtube.com/about,0
163,https://wikipedia.org/contact,0
164,http://mail.google.com/about,0
165,http://amazon.com/products,0
166,https://google.com/home,0
167,https://login-microsoft.com.phishing-site.com/verify,1
168,http://mail.microsoft.com/services,0
169,https://support.youtube.com/products,0
170,https://mail.microsoft.com/,0
171,http://216.154.20.227/login.php,1
172,http://support.instagram.com/products,0
173,https://twitter.com-kyky4xfo7uvcmqp.com/secure-login,1
174,http://youtube.com/,0
175,https://www.instqgram.com/login,1
176,http://www.apple.com/services,0
177,https://wikipedia.org-fqbrwq4arr2etop.com/secure-login,1
178,https://instagram.com-d2knip09lknz16g.com/secure-login,1
179,http://42.198.119.114/login.php,1
180,http://44.220.156.125/login.php,1
181,https://linkedin.com/login,0
182,http://google.com/contact,0
183,https://account-instagram.com.phishing-site.com/verify,1
184,https://www.amazon.com/login,0
185,http://mail.twitter.com/contact,0
186,https://secure-microsoft.com.phishing-site.com/verify,1
187,https://mail.facebook.com/,0
188,https://mail.linkedin.com/,0
189,https://mail.youtube.com/contact,0
190,https://mail.amazon.com/contact,0
191,http://microsoft.com/home,0
192,https://support.google.com/home,0
193,https://mail.wikipedia.org/about,0
194,https://facebook.com/,0
195,https://support.apple.com/,0
196,http://support.microsoft.com/services,0
197,http://www.apple.com/home,0
198,https://secure-instagram.com.phishing-site.com/verify,1
199,http://www.google.com/about,0
200,https://microsoft.com-xfzjlikhbdo9e09.com/secure-login,1
201,http://mail.amazon.com/products,0
202,https://support.twitter.com/login,0
203,http://wikipedia.org/about,0
204,https://signin-facebook.com.phishing-site.com/verify,1
205,https://www.leddit.com/login,1
206,http://support.wikipedia.org/contact,0
207,https://amazon.com/products,0
208,https://signin-amazon.com.phishing-site.com/verify,1
209,https://mail.google.com/services,0
210,http://www.youtube.com/,0
211,https://mail.facebook.com/products,0
212,https://mail.apple.com/login,0
213,https://microsoft.com-bt69koh3xote34r.com/secure-login,1
214,https://support.microsoft.com/services,0
215,https://verify-microsoft.com.phishing-site.com/verify,1
216,http://support.apple.com/products,0
217,https://microsoft.com/about,0
218,https://www.github.com/,0
219,http://support.facebook.com/,0
220,https://support.wikipedia.org/products,0
221,https://github.com-ki2oyv3xv0jnvlm.com/secure-login,1
222,https://amazon.com-a4rtguwrcm26juk.com/secure-login,1
223,http://mail.youtube.com/,0
224,http://reddit.com/about,0
225,http://support.linkedin.com/products,0
226,https://signin-twitter.com.phishing-site.com/verify,1
227,https://www.liakedin.com/login,1
228,http://www.apple.com/contact,0
229,https://support.amazon.com/services,0
230,https://support.twitter.com/products,0
231,https://mail.apple.com/,0
232,https://www.twigter.com/login,1
233,http://support.amazon.com/login,0
234,http://84.205.195.85/login.php,1
235,https://mail.amazon.com/about,0
236,https://verify-facebook.com.phishing-site.com/verify,1
237,https://www.microwoft.com/login,1
238,https://www.youtsbe.com/login,1
239,https://www.wikipedia.org/,0
240,https://www.reddit.cam/login,1
241,https://verify-amazon.com.phishing-site.com/verify,1
242,http://mail.apple.com/home,0
243,https://account-google.com.phishing-site.com/verify,1
244,https://signin-youtube.com.phishing-site.com/verify,1
245,http://reddit.com/products,0
246,http://twitter.com/products,0
247,http://support.linkedin.com/contact,0
248,https://instagram.com-dax3fhfe4357hc2.com/secure-login,1
249,https://support.linkedin.com/contact,0
250,https://www.googld.com/login,1
251,http://mail.google.com/products,0
252,https://www.instapram.com/login,1
253,https://secure-wikipedia.org.phishing-site.com/verify,1
254,https://support.wikipedia.org/products,0
255,https://verify-amazon.com.phishing-site.com/verify,1
256,https://www.youtube.com/home,0
257,http://233.139.87.151/login.php,1
258,https://support.linkedin.com/home,0
259,http://twitter.com/about,0
260,https://www.redditmcom/login,1
261,http://support.reddit.com/about,0
262,http://support.google.com/products,0
263,https://www.instagram.com/products,0
264,http://google.com/about,0
265,http://support.amazon.com/contact,0
266,https://apple.com/,0
267,https://signin-github.com.phishing-site.com/verify,1
268,https://microsoft.com/login,0
269,https://www.linkedin.tom/login,1
270,http://mail.youtube.com/login,0
271,https://account-reddit.com.phishing-site.com/verify,1
272,http://www.wikipedia.org/,0
273,http://mail.twitter.com/products,0
274,https://www.twctter.com/login,1
275,https://apple.com/home,0
276,https://www.linkedin.cwm/login,1
277,http://121.204.147.79/login.php,1
278,https://signin-instagram.com.phishing-site.com/verify,1
279,https://mail.google.com/about,0
280,https://secure-linkedin.com.phishing-site.com/verify,1
281,https://google.com-vk8bcxhxokfbw88.com/secure-login,1
282,https://mail.reddit.com/contact,0
283,http://mail.linkedin.com/services,0
284,http://112.4.183.214/login.php,1
285,https://www.amazon.com/login,0
286,https://www.amszon.com/login,1
287,https://support.apple.com/products,0
288,https://wikipedia.org-lmr9yu4x9yz0mlk.com/secure-login,1
289,http://support.youtube.com/products,0
290,http://mail.instagram.com/about,0
291,http://57.184.104.211/login.php,1
292,http://www.google.com/,0
293,https://mail.apple.com/home,0
294,https://secure-apple.com.phishing-site.com/verify,1
295,https://linkedin.com-ke0qi25uyvjcnuw.com/secure-login,1
296,https://secure-microsoft.com.phishing-site.com/verify,1
297,http://41.193.241.13/login.php,1
298,https://twitter.com-nrfwdkcbfhmpsi4.com/secure-login,1
299,https://www.linkedin.com/home,0
300,http://56.173.84.176/login.php,1
301,http://support.wikipedia.org/about,0
302,http://159.217.180.119/login.php,1
303,https://www.amazon.com/login,1
304,http://158.49.78.42/login.php,1
305,https://www.google.com/about,0
306,http://wikipedia.org/services,0
307,http://252.160.133.84/login.php,1
308,http://www.youtube.com/home,0
309,http://support.facebook.com/home,0
310,http://12.7.18.39/login.php,1
311,http://support.microsoft.com/home,0
312,http://mail.github.com/contact,0
313,http://www.twitter.com/about,0
314,http://www.wikipedia.org/login,0
315,https://youtube.com-iv8in1yxbthl91g.com/secure-login,1
316,http://support.github.com/home,0
317,http://support.microsoft.com/contact,0
318,http://mail.youtube.com/services,0
319,https://support.youtube.com/,0
320,https://secure-microsoft.com.phishing-site.com/verify,1
321,http://230.208.135.159/login.php,1
322,https://support.instagram.com/,0
323,http://microsoft.com/home,0
324,https://account-youtube.com.phishing-site.com/verify,1
325,http://107.95.45.1/login.php,1
326,https://verify-wikipedia.org.phishing-site.com/verify,1
327,https://www.youtube.com/about,0
328,https://mail.linkedin.com/login,0
329,http://google.com/about,0
330,https://instagram.com-mubftcep5cxxe3l.com/secure-login,1
331,https://account-linkedin.com.phishing-site.com/verify,1
332,https://www.micrlsoft.com/login,1
333,http://www.microsoft.com/login,0
334,https://www.github.com/login,0
335,https://www.qoutube.com/login,1
336,http://56.146.46.144/login.php,1
337,https://google.com-fvbl3ksz8yz2lq8.com/secure-login,1
338,https://microsoft.com-m0lfizua4bgg4jy.com/secure-login,1
339,https://facebook.com-veiidknd2ajt7mv.com/secure-login,1
340,https://youtube.com-fukyhh0e6fcibds.com/secure-login,1
341,http://facebook.com/login,0
342,http://44.204.178.249/login.php,1
343,https://verify-apple.com.phishing-site.com/verify,1
344,https://www.wikieedia.org/login,1
345,http://support.amazon.com/contact,0
346,http://85.198.250.160/login.php,1
347,https://apple.com-kb8n33923r5ed0w.com/secure-login,1
348,https://www.microsoft.com/contact,0
349,https://support.amazon.com/,0
350,http://reddit.com/login,0
351,http://microsoft.com/services,0
352,https://www.fawebook.com/login,1
353,http://166.59.64.4/login.php,1
354,http://support.linkedin.com/products,0
355,http://mail.facebook.com/home,0
356,https://instagram.com-ofzeuc8mqovimj8.com/secure-login,1
357,http://123.205.178.142/login.php,1
358,https://www.asazon.com/login,1
359,https://wikipedia.org/contact,0
360,http://www.apple.com/,0
361,https://www.wikinedia.org/login,1
362,https://www.apple.com/products,0
363,https://signin-google.com.phishing-site.com/verify,1
364,https://mail.wikipedia.org/services,0
365,http://96.252.55.65/login.php,1
366,https://www.twiuter.com/login,1
367,https://twitter.com/services,0
368,https://secure-microsoft.com.phishing-site.com/verify,1
369,http://support.apple.com/contact,0
370,http://support.wikipedia.org/products,0
371,https://secure-google.com.phishing-site.com/verify,1
372,https://twitter.com-7uo73iysjs3dsk5.com/secure-login,1
373,https://secure-apple.com.phishing-site.com/verify,1
374,http://169.149.16.205/login.php,1
375,https://mail.facebook.com/home,0
376,http://github.com/home,0
377,https://wikipedia.org-0noenqanu3qx7jg.com/secure-login,1
378,https://youtube.com-3iiap8iwl5zm00g.com/secure-login,1
379,https://login-linkedin.com.phishing-site.com/verify,1
380,http://95.77.153.6/login.php,1
381,http://93.60.203.144/login.php,1
382,https://amazon.com-4amkgg54keudem6.com/secure-login,1
383,https://secure-amazon.com.phishing-site.com/verify,1
384,http://www.microsoft.com/login,0
385,https://support.twitter.com/contact,0
386,https://wikipedia.org-bzym6zu5txk80zx.com/secure-login,1
387,https://www.twitter.oom/login,1
388,https://amazon.com-m87siptaxgx55oc.com/secure-login,1
389,https://mail.github.com/services,0
390,https://verify-microsoft.com.phishing-site.com/verify,1
391,http://google.com/services,0
392,http://169.19.208.34/login.php,1
393,http://45.137.134.169/login.php,1
394,http://wikipedia.org/login,0
395,http://mail.wikipedia.org/services,0
396,https://mail.github.com/products,0
397,http://support.linkedin.com/contact,0
398,https://secure-google.com.phishing-site.com/verify,1
399,https://verify-twitter.com.phishing-site.com/verify,1
400,http://133.98.150.175/login.php,1
401,http://135.146.29.229/login.php,1
402,https://signin-google.com.phishing-site.com/verify,1
403,http://2.13.232.58/login.php,1
404,https://google.com-y3ptnvaeczdl94w.com/secure-login,1
405,https://www.google.jom/login,1
406,http://support.wikipedia.org/login,0
407,https://mail.amazon.com/,0
408,http://mail.github.com/contact,0
409,http://211.196.152.135/login.php,1
410,http://support.amazon.com/,0
411,http://11.178.30.203/login.php,1
412,https://signin-instagram.com.phishing-site.com/verify,1
413,https://secure-instagram.com.phishing-site.com/verify,1
414,http://18.113.63.158/login.php,1
415,https://www.facebook.com/services,0
416,http://mail.microsoft.com/services,0
417,http://mail.facebook.com/login,0
418,https://verify-linkedin.com.phishing-site.com/verify,1
419,https://twitter.com-8f55eqt1hchdkbp.com/secure-login,1
420,https://www.youtube.com/home,0
421,https://microsoft.com-qam0l6aehpsxlqg.com/secure-login,1
422,https://www.twctter.com/login,1
423,https://wikipedia.org-z1hly74tfngm9ft.com/secure-login,1
424,https://mail.youtube.com/login,0
425,https://secure-wikipedia.org.phishing-site.com/verify,1
426,https://instagram.com/services,0
427,http://mail.wikipedia.org/home,0
428,https://login-amazon.com.phishing-site.com/verify,1
429,http://support.reddit.com/contact,0
430,http://wikipedia.org/,0
431,https://twitter.com-5c2pg7qomg59qi5.com/secure-login,1
432,http://7.132.152.105/login.php,1
433,https://account-facebook.com.phishing-site.com/verify,1
434,https://mail.wikipedia.org/,0
435,https://verify-instagram.com.phishing-site.com/verify,1
436,http://www.linkedin.com/,0
437,https://account-amazon.com.phishing-site.com/verify,1
438,https://mail.apple.com/services,0
439,http://176.148.198.249/login.php,1
440,https://www.gxogle.com/login,1
441,https://microsoft.com-2pssc13yxn53g6a.com/secure-login,1
442,https://www.reddit.cpm/login,1
443,http://139.179.23.88/login.php,1
444,https://www.ggthub.com/login,1
445,http://www.apple.com/login,0
446,http://77.218.111.212/login.php,1
447,https://amazon.com-jqi8wthbohaqod7.com/secure-login,1
448,https://www.instagram.qom/login,1
449,https://account-microsoft.com.phishing-site.com/verify,1
450,https://www.insqagram.com/login,1
451,http://mail.microsoft.com/contact,0
452,https://github.com-logfjajzj9vanfk.com/secure-login,1
453,https://mail.reddit.com/about,0
454,http://support.amazon.com/about,0
455,http://33.241.172.4/login.php,1
456,http://mail.instagram.com/contact,0
457,https://login-instagram.com.phishing-site.com/verify,1
458,https://support.youtube.com/home,0
459,https://www.microsoft.com/services,0
460,https://support.microsoft.com/contact,0
461,https://www.twitteu.com/login,1
462,http://247.130.24.146/login.php,1
463,https://www.githfb.com/login,1
464,https://www.amalon.com/login,1
465,https://apple.com-x7gxydq1rkdcdy8.com/secure-login,1
466,https://google.com/about,0
467,http://youtube.com/login,0
468,https://support.wikipedia.org/home,0
469,http://171.62.137.232/login.php,1
470,https://apple.com-t36lm51if8viguc.com/secure-login,1
471,https://www.amazon.com/login,1
472,https://www.wikipedic.org/login,1
473,https://mail.github.com/,0
474,https://google.com/services,0
475,http://40.51.57.180/login.php,1
476,https://apple.com-e220xsopx28stu8.com/secure-login,1
477,https://verify-microsoft.com.phishing-site.com/verify,1
478,https://instagram.com-gc8ho6uxna94rxr.com/secure-login,1
479,https://reddit.com/,0
480,http://www.apple.com/,0
481,https://youtube.com/home,0
482,http://27.66.210.61/login.php,1
483,http://www.twitter.com/contact,0
484,https://apple.com-7iuuvigewz0nrpd.com/secure-login,1
485,https://www.gojgle.com/login,1
486,http://mail.apple.com/contact,0
487,http://support.amazon.com/about,0
488,http://google.com/products,0
489,http://194.94.91.133/login.php,1
490,https://www.instagram.com/contact,0
491,https://mail.github.com/products,0
492,https://www.instagram.com/home,0
493,http://mail.twitter.com/products,0
494,https://microsoft.com/contact,0
495,http://www.amazon.com/about,0
496,http://facebook.com/contact,0
497,https://support.twitter.com/services,0
498,https://apple.com-v4m98ym2au8x2h8.com/secure-login,1
499,https://microsoft.com/login,0
500,http://twitter.com/services,0
501,https://www.twitter.com/contact,0
502,http://support.twitter.com/products,0
503,https://www.amazon.zom/login,1
504,http://support.youtube.com/home,0
505,https://verify-instagram.com.phishing-site.com/verify,1
506,https://www.microsovt.com/login,1
507,https://secure-instagram.com.phishing-site.com/verify,1
508,https://www.micrlsoft.com/login,1
509,https://facebook.com-aqrztuphjrq0fsz.com/secure-login,1
510,https://mail.twitter.com/services,0
511,https://secure-amazon.com.phishing-site.com/verify,1
512,https://verify-twitter.com.phishing-site.com/verify,1
513,https://www.apple.com/services,0
514,http://156.240.26.90/login.php,1
515,https://www.twittep.com/login,1
516,https://www.gooyle.com/login,1
517,http://www.linkedin.com/home,0
518,https://amazon.com-g45fqaj9f3asmy9.com/secure-login,1
519,https://www.microsoft.com/contact,0
520,http://138.34.137.54/login.php,1
521,https://account-amazon.com.phishing-site.com/verify,1
522,http://support.wikipedia.org/about,0
523,https://twitter.com-1xdh71bbhf5joln.com/secure-login,1
524,http://189.213.59.82/login.php,1
525,http://twitter.com/,0
526,https://twitter.com-t8lbuzcl1j7mc7f.com/secure-login,1
527,https://www.microsoft.com/login,1
528,https://verify-microsoft.com.phishing-site.com/verify,1
529,https://www.applg.com/login,1
530,http://mail.linkedin.com/login,0
531,http://support.amazon.com/login,0
532,http://support.amazon.com/services,0
533,https://support.amazon.com/home,0
534,https://instagram.com-zppjeslp8q1q1kd.com/secure-login,1
535,https://support.wikipedia.org/home,0
536,https://signin-facebook.com.phishing-site.com/verify,1
537,https://www.wskipedia.org/login,1
538,http://17.49.53.135/login.php,1
539,https://facebook.com-pam6uy2hb1f3a9a.com/secure-login,1
540,https://support.linkedin.com/login,0
541,http://support.facebook.com/products,0
542,http://support.linkedin.com/products,0
543,http://204.76.192.243/login.php,1
544,https://www.xacebook.com/login,1
545,https://www.twitter.com/,0
546,https://verify-amazon.com.phishing-site.com/verify,1
547,https://reddit.com-tzn209om9l2g6mh.com/secure-login,1
548,https://www.twitter.csm/login,1
549,http://mail.microsoft.com/about,0
550,https://verify-github.com.phishing-site.com/verify,1
551,https://www.instagram.com/about,0
552,http://www.amazon.com/home,0
553,https://www.instagram.cvm/login,1
554,https://www.facebook.com/services,0
555,http://www.reddit.com/services,0
556,http://www.twitter.com/home,0
557,http://87.62.233.31/login.php,1
558,https://support.google.com/,0
559,http://131.208.117.13/login.php,1
560,https://mail.apple.com/contact,0
561,http://24.143.226.47/login.php,1
562,https://www.eoutube.com/login,1
563,https://mail.reddit.com/home,0
564,https://www.linkeqin.com/login,1
565,http://www.apple.com/contact,0
566,https://account-github.com.phishing-site.com/verify,1
567,https://facebook.com-cv6sh3hvs9k4yz0.com/secure-login,1
568,https://secure-github.com.phishing-site.com/verify,1
569,https://login-facebook.com.phishing-site.com/verify,1
570,https://www.google.com/products,0
571,http://mail.wikipedia.org/services,0
572,https://google.com-sqmy3umq79o6gox.com/secure-login,1
573,http://90.64.70.84/login.php,1
574,https://wikipedia.org/contact,0
575,https://mail.facebook.com/login,0
576,https://linkedin.com/login,0
577,http://28.51.16.13/login.php,1
578,https://www.micrlsoft.com/login,1
579,https://signin-microsoft.com.phishing-site.com/verify,1
580,http://reddit.com/contact,0
581,http://support.microsoft.com/products,0
582,http://mail.reddit.com/home,0
583,https://signin-github.com.phishing-site.com/verify,1
584,http://mail.reddit.com/home,0
585,https://www.wikipeuia.org/login,1
586,https://apple.com-pko9ljigtgpgo65.com/secure-login,1
587,https://mail.github.com/login,0
588,http://www.instagram.com/home,0
589,https://www.facebook.com/about,0
590,https://www.twitter.aom/login,1
591,http://mail.twitter.com/about,0
592,https://www.facebook.com/,0
593,http://71.239.158.29/login.php,1
594,https://support.apple.com/about,0
595,https://instagram.com-4rvox5vic3qt5kn.com/secure-login,1
596,https://login-reddit.com.phishing-site.com/verify,1
597,https://login-github.com.phishing-site.com/verify,1
598,https://login-github.com.phishing-site.com/verify,1
599,http://instagram.com/contact,0
600,https://www.yeutube.com/login,1
601,http://support.amazon.com/products,0
602,http://126.173.8.139/login.php,1
603,https://login-microsoft.com.phishing-site.com/verify,1
604,https://login-instagram.com.phishing-site.com/verify,1
605,https://google.com-owv3i1wonrnm7jo.com/secure-login,1
606,https://support.reddit.com/about,0
607,http://99.46.79.179/login.php,1
608,https://github.com/,0
609,https://account-linkedin.com.phishing-site.com/verify,1
610,https://support.reddit.com/login,0
611,http://mail.apple.com/home,0
612,http://www.linkedin.com/about,0
613,https://google.com/,0
614,http://support.facebook.com/contact,0
615,https://amazon.com-9aoz0dixznc1pbd.com/secure-login,1
616,http://mail.instagram.com/about,0
617,http://217.152.73.154/login.php,1
618,https://www.inutagram.com/login,1
619,https://login-amazon.com.phishing-site.com/verify,1
620,http://reddit.com/about,0
621,https://apple.com-byjnp9v0kt3vps8.com/secure-login,1
622,https://verify-github.com.phishing-site.com/verify,1
623,http://153.73.235.112/login.php,1
624,https://www.wikipedia.org/contact,0
625,https://www.twitterncom/login,1
626,https://www.github.pom/login,1
627,https://verify-microsoft.com.phishing-site.com/verify,1
628,https://account-reddit.com.phishing-site.com/verify,1
629,http://mail.wikipedia.org/login,0
630,https://login-instagram.com.phishing-site.com/verify,1
631,https://instagram.com-71o29a6oomgn56r.com/secure-login,1
632,https://www.microsoft.com/products,0
633,https://www.instagram.com/services,0
634,http://150.135.91.111/login.php,1
635,https://google.com-0w10nzpry6p1zio.com/secure-login,1
636,https://linkedin.com/contact,0
637,https://www.amazow.com/login,1
638,https://mail.reddit.com/about,0
639,https://amazon.com-bikju1ke8qtd83f.com/secure-login,1
640,https://www.googlekcom/login,1
641,http://www.linkedin.com/home,0
642,https://twitter.com-34aa97jpnrvrq7j.com/secure-login,1
643,http://www.reddit.com/products,0
644,https://www.google.com/login,0
645,http://43.212.110.25/login.php,1
646,https://support.instagram.com/services,0
647,http://support.youtube.com/home,0
648,https://wikipedia.org-jenf7zu3gui1p35.com/secure-login,1
649,http://support.reddit.com/home,0
650,http://reddit.com/services,0
651,http://wikipedia.org/login,0
652,https://support.instagram.com/home,0
653,http://support.amazon.com/home,0
654,http://133.48.203.24/login.php,1
655,http://186.162.23.109/login.php,1
656,http://mail.facebook.com/login,0
657,http://support.facebook.com/products,0
658,http://163.198.90.19/login.php,1
659,https://support.linkedin.com/about,0
660,http://48.64.169.140/login.php,1
661,https://verify-github.com.phishing-site.com/verify,1
662,https://www.amazon.com/contact,0
663,https://www.lqnkedin.com/login,1
664,http://microsoft.com/products,0
665,http://www.wikipedia.org/,0
666,https://verify-amazon.com.phishing-site.com/verify,1
667,http://mail.apple.com/services,0
668,https://www.avple.com/login,1
669,https://www.facebook.com/products,0
670,https://amazon.com-x6urirbfwk2jwif.com/secure-login,1
671,https://support.linkedin.com/services,0
672,https://instagram.com/about,0
673,https://account-github.com.phishing-site.com/verify,1
674,https://www.amazon.cam/login,1
675,https://www.wikipedia.org/,0
676,http://support.github.com/,0
677,https://mail.apple.com/contact,0
678,http://196.130.7.91/login.php,1
679,http://support.amazon.com/about,0
680,http://mail.google.com/,0
681,https://support.youtube.com/login,0
682,https://reddit.com-vnsdtzussipdopi.com/secure-login,1
683,https://www.youvube.com/login,1
684,http://google.com/services,0
685,http://156.26.120.200/login.php,1
686,http://reddit.com/login,0
687,https://apple.com/home,0
688,https://verify-google.com.phishing-site.com/verify,1
689,https://linkedin.com-c7zj7tdgktmtr9b.com/secure-login,1
690,https://signin-twitter.com.phishing-site.com/verify,1
691,http://120.132.177.47/login.php,1
692,https://www.twdtter.com/login,1
693,https://support.facebook.com/contact,0
694,http://115.17.27.101/login.php,1
695,https://support.reddit.com/about,0
696,https://github.com/contact,0
697,http://35.64.209.77/login.php,1
698,https://support.youtube.com/,0
699,http://support.twitter.com/about,0
700,https://google.com/,0
701,http://apple.com/about,0
702,https://twitter.com/,0
703,https://verify-youtube.com.phishing-site.com/verify,1
704,http://172.71.57.152/login.php,1
705,https://www.amazonhcom/login,1
706,https://www.linkedtn.com/login,1
707,http://155.106.203.66/login.php,1
708,https://youtube.com-21aal4gdb33c2gf.com/secure-login,1
709,http://32.104.150.56/login.php,1
710,http://support.apple.com/home,0
711,http://mail.google.com/about,0
712,https://login-microsoft.com.phishing-site.com/verify,1
713,https://facebook.com-zmiv19hpex8v4my.com/secure-login,1
714,https://support.amazon.com/about,0
715,http://227.97.221.7/login.php,1
716,http://wikipedia.org/,0
717,https://support.facebook.com/products,0
718,https://www.regdit.com/login,1
719,https://login-microsoft.com.phishing-site.com/verify,1
720,http://support.microsoft.com/about,0
721,https://account-instagram.com.phishing-site.com/verify,1
722,http://mail.apple.com/services,0
723,https://verify-youtube.com.phishing-site.com/verify,1
724,https://www.github.com/services,0
725,https://account-instagram.com.phishing-site.com/verify,1
726,https://support.microsoft.com/services,0
727,https://amazon.com-c5duygac58i3dax.com/secure-login,1
728,https://www.linkedim.com/login,1
729,http://google.com/products,0
730,http://192.131.125.85/login.php,1
731,http://217.138.37.58/login.php,1
732,https://www.kwitter.com/login,1
733,https://facebook.com-lz8uitalch5vgdv.com/secure-login,1
734,https://mail.wikipedia.org/home,0
735,https://facebook.com-t2h0vfdnwirto6g.com/secure-login,1
736,https://mail.twitter.com/home,0
737,https://microsoft.com-6m6avsouffpexrb.com/secure-login,1
738,https://www.youtzbe.com/login,1
739,https://www.reddit.com/login,1
740,http://www.github.com/services,0
741,http://www.facebook.com/about,0
742,https://apple.com-b0cznmqu3p9qh8a.com/secure-login,1
743,https://account-apple.com.phishing-site.com/verify,1
744,http://218.61.100.39/login.php,1
745,https://verify-reddit.com.phishing-site.com/verify,1
746,http://www.facebook.com/,0
747,http://support.apple.com/services,0
748,http://support.facebook.com/services,0
749,https://linkedin.com-m2sw2lqu93k0dic.com/secure-login,1
750,https://www.rebdit.com/login,1
751,http://44.204.41.175/login.php,1
752,http://linkedin.com/contact,0
753,https://facebook.com/products,0
754,http://121.40.219.70/login.php,1
755,http://support.microsoft.com/login,0
756,http://www.google.com/home,0
757,https://signin-apple.com.phishing-site.com/verify,1
758,https://mail.instagram.com/about,0
759,https://mail.google.com/login,0
760,https://secure-twitter.com.phishing-site.com/verify,1
761,http://support.reddit.com/contact,0
762,http://mail.github.com/products,0
763,http://support.wikipedia.org/,0
764,https://google.com/about,0
765,https://www.amazon.com/login,0
766,https://www.apple.com/products,0
767,http://github.com/,0
768,http://117.93.213.165/login.php,1
769,http://127.120.248.64/login.php,1
770,http://www.microsoft.com/,0
771,https://www.instagrym.com/login,1
772,http://241.132.200.61/login.php,1
773,https://wikipedia.org/products,0
774,https://google.com/contact,0
775,https://facebook.com/contact,0
776,https://www.appke.com/login,1
777,https://instagram.com-476vrsk1d823bok.com/secure-login,1
778,http://www.instagram.com/about,0
779,http://mail.instagram.com/about,0
780,https://www.googhe.com/login,1
781,https://mail.microsoft.com/,0
782,https://account-google.com.phishing-site.com/verify,1
783,https://account-reddit.com.phishing-site.com/verify,1
784,https://signin-facebook.com.phishing-site.com/verify,1
785,http://mail.reddit.com/products,0
786,https://mail.apple.com/contact,0
787,https://amazon.com/about,0
788,http://support.reddit.com/,0
789,http://apple.com/products,0
790,https://signin-instagram.com.phishing-site.com/verify,1
791,http://www.facebook.com/login,0
792,https://secure-google.com.phishing-site.com/verify,1
793,https://signin-reddit.com.phishing-site.com/verify,1
794,https://www.youtubz.com/login,1
795,https://youtube.com-elaw5fqrkumec66.com/secure-login,1
796,http://165.181.73.58/login.php,1
797,https://microsoft.com-ptf40n6mlq7xlx2.com/secure-login,1
798,http://69.202.70.12/login.php,1
799,https://amazon.com-kl8b4vqnnrdksns.com/secure-login,1
800,https://facebook.com/products,0
801,http://google.com/services,0
802,http://microsoft.com/home,0
803,http://instagram.com/services,0
804,https://linkedin.com/about,0
805,https://www.google.com/,0
806,https://youtube.com-7zb3pv239cmc4jp.com/secure-login,1
807,https://apple.com-bj0n3avqza9l9z5.com/secure-login,1
808,http://100.132.173.134/login.php,1
809,http://www.google.com/,0
810,https://support.microsoft.com/home,0
811,https://support.google.com/login,0
812,https://login-reddit.com.phishing-site.com/verify,1
813,https://www.linkedinxcom/login,1
814,https://support.wikipedia.org/contact,0
815,https://signin-reddit.com.phishing-site.com/verify,1
816,https://instagram.com-1hqjjtmow9kxefm.com/secure-login,1
817,https://www.wikipedia.brg/login,1
818,http://twitter.com/login,0
819,http://www.instagram.com/,0
820,https://www.instagram.rom/login,1
821,https://support.github.com/services,0
822,https://signin-wikipedia.org.phishing-site.com/verify,1
823,http://127.68.58.103/login.php,1
824,http://www.reddit.com/products,0
825,https://twitter.com-dpz2tzk0ler5fqn.com/secure-login,1
826,http://204.123.71.174/login.php,1
827,http://support.twitter.com/,0
828,http://200.226.6.166/login.php,1
829,https://login-linkedin.com.phishing-site.com/verify,1
830,https://reddit.com-i4zlfbfqrk0qz5b.com/secure-login,1
831,https://account-twitter.com.phishing-site.com/verify,1
832,http://www.instagram.com/,0
833,http://mail.instagram.com/home,0
834,https://account-apple.com.phishing-site.com/verify,1
835,https://www.twatter.com/login,1
836,https://mail.instagram.com/about,0
837,http://72.105.204.213/login.php,1
838,https://twitter.com/login,0
839,https://support.facebook.com/home,0
840,https://github.com/login,0
841,https://github.com/contact,0
842,https://reddit.com-xcftco86y0fwx9s.com/secure-login,1
843,https://mail.instagram.com/home,0
844,https://www.twitwer.com/login,1
845,https://www.twittel.com/login,1
846,http://mail.github.com/login,0
847,https://www.google.com/home,0
848,https://instagram.com-euoy1qzt4lllwxf.com/secure-login,1
849,https://mail.youtube.com/products,0
850,https://account-google.com.phishing-site.com/verify,1
851,https://www.ayple.com/login,1
852,https://reddit.com-yzqpi5s44hxygmc.com/secure-login,1
853,https://youtube.com-t31qpz4eyivk824.com/secure-login,1
854,https://www.google.com/contact,0
855,http://support.google.com/home,0
856,https://verify-apple.com.phishing-site.com/verify,1
857,http://www.instagram.com/products,0
858,https://support.google.com/home,0
859,https://mail.wikipedia.org/about,0
860,http://101.23.157.85/login.php,1
861,http://159.45.249.77/login.php,1
862,https://github.com/products,0
863,https://mail.twitter.com/contact,0
864,http://amazon.com/,0
865,https://support.instagram.com/login,0
866,https://mail.twitter.com/about,0
867,http://support.reddit.com/login,0
868,http://www.apple.com/services,0
869,https://twitter.com-yk7htzmldtmkbn4.com/secure-login,1
870,https://support.youtube.com/,0
871,http://mail.apple.com/contact,0
872,https://mail.apple.com/about,0
873,http://support.twitter.com/,0
874,http://support.youtube.com/,0
875,http://253.66.51.198/login.php,1
876,http://twitter.com/products,0
877,http://www.instagram.com/services,0
878,https://reddit.com-p6i3mk3hb3l3nu0.com/secure-login,1
879,https://wikipedia.org-3rn2d97xs7xsfbo.com/secure-login,1
880,http://apple.com/contact,0
881,https://account-amazon.com.phishing-site.com/verify,1
882,https://linkedin.com-h3e590on8nf4yod.com/secure-login,1
883,http://support.youtube.com/products,0
884,http://support.twitter.com/login,0
885,https://www.twqtter.com/login,1
886,https://reddit.com-k64ovjhsn2r482o.com/secure-login,1
887,https://account-twitter.com.phishing-site.com/verify,1
888,http://www.linkedin.com/products,0
889,http://support.apple.com/home,0
890,https://www.instagram.com/,0
891,https://support.google.com/products,0
892,https://www.microsoft.jom/login,1
893,http://mail.twitter.com/login,0
894,https://support.reddit.com/services,0
895,https://www.gothub.com/login,1
896,https://secure-amazon.com.phishing-site.com/verify,1
897,https://support.github.com/contact,0
898,https://www.wikipedia.org/about,0
899,http://185.109.53.222/login.php,1
900,http://mail.linkedin.com/about,0
901,http://119.108.8.85/login.php,1
902,https://www.instagrem.com/login,1
903,https://mail.facebook.com/products,0
904,https://support.facebook.com/products,0
905,https://youtube.com/contact,0
906,http://www.linkedin.com/login,0
907,https://secure-twitter.com.phishing-site.com/verify,1
908,https://secure-github.com.phishing-site.com/verify,1
909,http://support.linkedin.com/products,0
910,https://www.ayple.com/login,1
911,https://mail.github.com/services,0
912,http://16.10.237.182/login.php,1
913,http://147.159.126.190/login.php,1
914,http://www.instagram.com/home,0
915,http://216.218.133.61/login.php,1
916,http://147.40.25.83/login.php,1
917,https://www.apple.com/,0
918,http://162.103.118.38/login.php,1
919,http://223.42.146.166/login.php,1
920,https://login-github.com.phishing-site.com/verify,1
921,https://www.amazox.com/login,1
922,http://www.reddit.com/,0
923,https://login-amazon.com.phishing-site.com/verify,1
924,https://mail.wikipedia.org/login,0
925,https://www.instagram.com/products,0
926,http://180.143.238.14/login.php,1
927,https://support.youtube.com/about,0
928,https://mail.google.com/services,0
929,http://microsoft.com/services,0
930,http://mail.facebook.com/login,0
931,https://support.linkedin.com/services,0
932,https://wikipedia.org-jqpkb3b81yvv5xn.com/secure-login,1
933,https://secure-twitter.com.phishing-site.com/verify,1
934,https://signin-microsoft.com.phishing-site.com/verify,1
935,https://linkedin.com-pcaz0v2q87mcnlp.com/secure-login,1
936,http://151.214.39.146/login.php,1
937,https://www.youtube.com/services,0
938,http://support.github.com/,0
939,http://www.facebook.com/login,0
940,https://www.googee.com/login,1
941,https://mail.apple.com/about,0
942,https://twitter.com-w4r3qyyeuhzvjci.com/secure-login,1
943,https://www.miqrosoft.com/login,1
944,https://apple.com-nen3kozppfwm2s4.com/secure-login,1
945,https://login-twitter.com.phishing-site.com/verify,1
946,https://secure-facebook.com.phishing-site.com/verify,1
947,https://twitter.com-k1d03sywkap31yw.com/secure-login,1
948,http://83.246.195.36/login.php,1
949,https://www.instagram.com/services,0
950,http://twitter.com/,0
951,https://twitter.com-b1rwggzv0qedpop.com/secure-login,1
952,https://mail.youtube.com/contact,0
953,http://wikipedia.org/about,0
954,https://mail.reddit.com/,0
955,http://65.196.139.3/login.php,1
956,http://reddit.com/about,0
957,https://mail.google.com/,0
958,http://mail.github.com/,0
959,http://49.137.186.231/login.php,1
960,https://support.youtube.com/contact,0
961,http://google.com/,0
962,https://www.github.com/contact,0
963,http://instagram.com/,0
964,https://verify-microsoft.com.phishing-site.com/verify,1
965,http://reddit.com/about,0
966,https://login-instagram.com.phishing-site.com/verify,1
967,https://signin-instagram.com.phishing-site.com/verify,1
968,https://mail.google.com/about,0
969,https://support.github.com/login,0
970,https://www.twittrr.com/login,1
971,https://linkedin.com/products,0
972,http://127.206.3.14/login.php,1
973,http://support.reddit.com/,0
974,http://apple.com/services,0
975,https://reddit.com-v2xt7ay8efy7f8k.com/secure-login,1
976,https://support.instagram.com/home,0
977,https://reddit.com/home,0
978,http://youtube.com/home,0
979,https://secure-reddit.com.phishing-site.com/verify,1
980,https://www.instagram.com/about,0
981,https://www.apple.com/contact,0
982,https://mail.linkedin.com/home,0
983,https://support.instagram.com/products,0
984,https://microsoft.com-00r3o505rmekoj2.com/secure-login,1
985,http://www.wikipedia.org/about,0
986,https://mail.google.com/contact,0
987,https://verify-github.com.phishing-site.com/verify,1
988,http://mail.linkedin.com/products,0
989,https://facebook.com-zdr2mhlfmr4esps.com/secure-login,1
990,https://www.microsoft.com/,0
991,https://account-github.com.phishing-site.com/verify,1
992,https://support.google.com/login,0
993,https://www.googie.com/login,1
994,http://support.wikipedia.org/login,0
995,https://account-microsoft.com.phishing-site.com/verify,1
996,https://www.githdb.com/login,1
997,https://www.github.com/login,0
998,https://apple.com-24w27c8s5mkb3no.com/secure-login,1
999,https://www.ypple.com/login,1
